subDirectory_filePath,face_x,face_y,face_width,face_height,facial_landmarks,expression,valence,arousal
689/737db2483489148d783ef278f43f486c0a97e140fc4b6b61b84363ca.jpg,134,134,899,899,181.64;530.91;188.32;627.82;195.1;723.37;205.24;819.26;235.82;911.05;295.18;982.18;376.29;1042.33;471.12;1086.0;580.62;1095.39;686.25;1084.29;767.62;1040.37;835.76;980.69;881.37;900.39;898.21;810.86;903.09;718.35;909.41;632.04;912.71;557.24;272.31;455.02;324.2;399.25;397.75;381.28;475.46;391.38;548.4;415.29;666.88;423.52;732.98;404.65;799.61;401.4;857.29;423.11;888.86;473.73;607.14;483.05;608.91;537.83;609.27;593.64;611.04;654.61;515.31;694.98;556.72;713.3;599.07;730.13;638.32;719.39;673.94;709.59;368.89;495.52;407.82;474.54;450.23;475.29;487.48;500.47;448.86;503.7;406.67;503.2;696.84;509.42;739.53;489.14;780.68;494.3;812.04;518.24;780.27;524.1;739.38;520.31;432.72;828.9;495.08;802.44;553.6;792.73;594.12;805.31;632.55;800.26;685.77;814.54;726.14;843.06;682.25;865.78;628.51;873.12;588.43;874.66;549.8;870.79;489.27;854.55;453.19;831.06;551.34;821.61;592.47;828.18;631.76;827.79;706.12;842.32;629.81;841.72;590.19;844.72;550.35;838.36,1,0.785714,-0.0555556
944/06e9ae8d3b240eb68fa60534783eacafce2def60a86042f9b7d59544.jpg,40,40,269,269,44.43;158.17;47.08;189.2;50.54;221.88;58.3;253.32;74.17;277.71;96.73;295.96;124.14;311.16;154.77;321.65;184.89;322.39;211.49;316.79;234.39;301.86;257.59;284.05;272.59;262.17;282.84;234.83;286.71;205.88;287.98;176.11;287.96;148.44;80.28;130.32;96.57;116.74;118.15;112.55;139.59;116.32;159.78;124.78;194.47;122.6;213.89;113.82;233.63;108.47;253.05;113.39;266.1;126.72;177.24;148.81;178.84;166.16;180.46;183.67;182.81;201.51;155.45;217.94;168.4;221.37;181.19;223.46;192.88;220.25;203.41;216.27;104.56;152.53;117.8;144.89;133.14;144.19;145.95;156.11;132.99;159.05;117.62;158.62;202.31;153.26;215.15;140.99;229.35;140.43;241.3;148.18;231.12;154.81;216.76;155.58;138.53;255.93;156.74;246.21;172.05;241.49;181.1;244.32;190.74;240.93;203.33;245.65;217.33;252.74;205.08;264.62;192.4;267.51;181.45;267.68;171.0;267.4;155.29;263.95;147.17;254.93;171.96;251.5;181.47;252.15;191.09;251.65;210.5;252.64;191.3;253.67;181.45;255.31;171.79;254.68,1,0.153401,0.0388903
981/5c991a28b5550cf5e1e830d5eed1dc7f80581462d6278c873c1c9db6.jpg,35,35,236,236,46.5;134.89;47.28;158.87;51.45;182.31;58.37;206.89;69.99;230.59;86.89;249.66;109.6;266.35;132.0;279.94;160.37;280.24;186.65;275.91;206.48;259.74;223.65;241.27;237.19;219.04;243.34;195.03;246.9;170.62;248.02;146.81;247.05;125.14;65.45;119.13;80.0;108.4;98.92;106.32;117.51;109.64;136.22;114.91;172.84;111.31;190.84;104.21;206.81;100.96;223.19;99.36;237.21;105.95;155.61;129.33;156.73;145.98;158.37;163.09;159.75;180.06;139.23;192.82;149.05;195.01;158.78;198.42;167.55;194.79;176.61;190.5;87.75;132.75;98.06;124.59;112.84;123.67;123.52;133.18;112.06;137.42;97.94;138.11;182.79;129.25;193.04;118.56;206.64;117.29;216.22;124.19;209.23;130.83;196.07;131.88;117.66;224.95;131.58;221.12;147.77;216.23;158.1;218.05;169.08;214.44;184.58;216.53;198.83;218.29;186.27;230.08;171.98;235.16;160.84;237.33;150.13;237.39;134.68;233.94;125.52;226.73;148.39;226.41;158.73;225.88;169.96;224.44;192.33;221.26;170.7;221.52;159.64;223.35;149.7;223.25,1,0.547918,0.249054
126/aac2f4b829260060f9ca39d3f2465f8289f81bf3d7af8c6510810939.jpg,68,68,456,456,147.48;244.5;151.33;290.89;158.78;336.59;168.16;382.96;184.38;426.34;208.33;464.95;239.19;500.88;270.78;531.67;315.8;539.65;362.95;531.62;404.76;504.32;438.51;471.4;466.82;433.22;481.39;387.19;486.72;340.02;490.94;295.54;493.87;249.4;157.98;222.07;173.23;199.09;200.16;193.05;229.64;200.64;255.93;214.06;321.42;213.74;355.65;199.31;389.56;192.51;424.63;197.24;449.23;219.08;292.07;247.94;289.9;284.27;286.81;320.41;284.38;356.36;258.7;365.73;273.66;373.28;291.06;380.51;309.49;372.47;327.35;365.86;193.22;256.07;211.22;244.48;233.3;244.95;252.38;258.95;231.82;263.97;210.48;264.43;346.44;258.02;364.84;242.43;388.93;242.38;408.71;253.81;391.69;263.37;368.56;264.16;234.75;417.53;255.79;408.93;275.15;406.0;292.15;410.07;310.85;406.58;344.99;409.74;374.03;416.11;350.48;442.75;319.85;456.73;298.78;459.31;279.02;456.11;257.0;440.75;243.95;418.91;276.06;418.38;293.79;420.82;312.81;418.65;365.58;418.57;316.39;437.19;296.46;439.02;278.2;435.39,1,0.495154,0.0842815
1322/b9d25d05aeaa567ff7f8ae55ae7ee0efea38262ff875935b9578d0b2.jpg,24,24,161,161,42.47;90.13;42.9;108.48;44.18;125.11;46.85;141.37;53.06;157.18;62.71;170.45;75.46;183.41;89.98;193.33;104.57;195.81;120.52;194.34;133.41;185.68;145.26;172.75;155.71;159.19;162.29;143.43;165.85;126.98;168.33;111.32;169.18;94.06;54.1;76.33;64.15;68.02;76.89;66.95;89.29;69.83;102.27;74.39;112.99;74.69;125.26;71.08;137.04;70.62;148.72;73.65;156.91;82.36;107.07;85.35;106.67;97.42;106.35;110.04;105.95;123.15;91.59;127.1;98.26;130.48;104.96;133.39;112.62;130.92;119.15;128.87;68.33;84.87;75.91;80.67;84.31;81.94;91.08;88.74;83.37;89.34;74.94;88.65;121.34;90.45;129.39;83.24;138.07;84.4;144.1;89.56;138.19;92.54;129.6;92.32;77.58;146.27;87.78;142.48;97.8;141.41;104.12;143.35;112.26;141.81;122.12;143.96;131.19;147.75;122.01;158.45;112.58;162.95;103.85;163.61;96.55;162.42;87.62;158.13;81.56;146.95;97.46;145.78;104.16;146.74;112.34;145.95;127.56;148.13;112.32;155.13;103.96;156.15;96.91;154.92,2,-0.441973,-0.242372
831/df235a45ca4e08234e17faa5ea8fdd8550d5e4b792e87fa575b3cbec.jpg,16,16,149,149,35.83;65.34;32.77;81.19;32.58;97.15;33.86;113.75;38.55;130.53;46.52;145.01;56.46;158.99;67.15;171.17;80.79;176.05;96.4;176.01;111.73;169.58;126.45;158.92;139.1;146.59;147.88;131.7;152.91;115.88;157.36;99.39;160.06;80.59;39.23;54.83;49.36;49.75;61.48;50.97;73.37;54.85;83.11;61.92;103.62;62.94;116.8;59.85;129.95;59.79;142.44;63.8;150.37;72.23;92.35;74.44;90.42;86.44;88.51;98.62;86.63;110.5;73.6;114.32;78.82;118.29;85.4;121.48;92.88;120.07;99.7;118.91;52.33;68.62;60.14;65.54;69.26;67.18;76.76;74.41;68.14;74.3;58.61;73.01;109.89;79.91;118.65;74.31;128.09;75.67;135.39;80.95;127.95;83.13;118.49;82.13;59.94;128.05;70.41;127.56;80.02;128.17;85.45;130.36;92.92;129.6;103.13;132.81;113.54;136.91;101.19;146.0;89.87;149.56;82.2;149.08;75.69;147.06;66.84;140.82;64.58;129.79;78.88;132.18;84.75;133.87;92.15;133.96;108.94;136.58;91.35;141.47;83.9;140.96;77.88;138.96,1,0.492063,0.111111
203/6828a2342353f5ddbf8fe74fc6389e3aad1fe0772c97b99b9fa31877.jpg,42,42,676,676,126.75;322.24;137.41;409.31;163.05;493.74;194.02;574.3;233.46;651.39;282.66;720.05;335.95;779.24;397.86;828.58;474.33;829.62;546.58;805.19;615.99;741.68;674.49;667.73;724.86;589.37;748.43;497.31;754.53;401.49;748.64;311.1;738.14;217.98;132.89;277.44;150.17;232.22;198.61;222.31;249.36;225.26;297.44;239.18;423.78;216.56;477.63;181.34;534.94;158.17;596.54;155.74;652.9;178.4;368.19;301.14;375.13;362.34;379.9;423.15;386.26;485.91;335.38;520.47;364.88;529.84;397.85;537.71;433.97;518.52;467.37;505.56;190.35;328.94;218.74;302.38;262.8;298.08;299.73;318.26;264.4;332.45;222.37;338.28;480.31;290.09;510.32;258.82;550.12;249.04;586.81;260.55;561.41;283.34;521.26;290.86;306.59;616.92;344.5;605.13;384.5;596.45;416.16;600.87;454.37;586.99;504.68;582.18;557.57;580.3;513.93;636.8;468.5;672.21;426.23;685.9;393.05;687.43;348.89;667.39;323.98;622.26;387.25;621.07;418.65;620.91;458.9;610.23;540.39;589.2;459.42;630.32;418.75;644.46;387.62;644.27,1,0.531746,-0.0634921
88/26604f019f19b0066209a41d2ef4d6a5eae22f0e4ae6e11004ad858b.jpg,32,32,241,241,34.34;124.22;36.35;155.21;41.31;185.15;48.61;213.09;61.34;239.6;81.53;261.19;106.99;278.13;134.67;292.13;164.9;293.21;188.91;286.25;207.02;268.22;223.99;245.78;237.78;222.8;247.65;197.16;251.9;169.77;253.64;142.58;251.45;112.92;56.19;116.78;72.21;102.82;95.84;98.6;118.65;101.3;140.9;108.53;173.93;103.19;192.76;94.29;212.37;88.8;231.89;89.37;245.06;101.61;156.7;124.67;158.2;145.69;160.1;166.93;162.36;188.91;129.9;193.11;145.48;196.92;160.31;201.05;174.97;195.78;187.31;189.31;81.64;127.85;94.87;122.0;108.52;121.26;122.42;128.96;108.79;131.13;94.69;131.86;182.97;124.3;197.45;114.3;210.62;113.17;222.37;117.89;211.89;122.27;198.42;123.79;98.79;213.73;122.07;211.11;144.08;210.25;158.77;211.65;174.63;208.09;192.61;206.34;209.67;204.67;193.11;227.02;177.22;239.26;160.93;243.17;145.19;242.74;123.0;235.41;105.82;215.43;144.25;216.44;159.23;216.97;174.87;213.83;203.53;207.57;175.9;226.54;159.76;229.83;144.6;229.3,1,0.904956,0.183895
923/3816b9dbbbe5bbccb96243b9284bd5e643b60555e73113a1e20c159f.jpg,18,18,248,248,12.01;119.42;9.72;151.03;9.37;182.75;15.19;214.64;30.86;242.1;53.45;267.63;78.87;287.28;106.76;301.62;135.9;305.78;161.73;300.65;178.41;281.32;188.56;259.23;198.5;234.88;207.06;210.25;213.6;183.89;215.86;156.57;213.08;128.54;70.07;104.81;87.1;92.17;107.41;87.03;127.03;90.64;143.97;97.67;172.98;98.8;186.09;94.51;198.31;92.72;207.69;95.67;211.23;105.32;158.94;122.63;162.36;141.44;166.2;160.48;170.2;179.72;136.28;192.43;148.95;196.93;162.19;201.46;172.94;197.67;181.0;192.31;92.29;123.05;104.98;119.81;115.23;120.2;122.87;125.22;114.03;128.09;103.58;127.24;170.77;125.46;181.4;120.18;190.73;120.89;196.31;125.47;190.48;128.87;181.7;128.76;110.17;232.98;131.48;228.49;147.19;226.22;155.11;228.74;162.63;226.76;168.62;228.71;172.84;233.44;166.88;243.31;160.03;247.73;152.48;248.53;144.16;248.46;129.2;244.36;116.46;233.51;145.82;235.21;153.91;236.06;160.68;235.08;168.87;234.26;160.28;235.05;153.12;236.95;145.14;236.45,1,0.777047,0.328751
1316/be03f0339c0deb75683684e4efbd0e3135def5baade7267b10b65b11.jpg,21,21,141,141,40.78;92.51;42.02;107.42;44.81;121.18;49.01;134.81;54.51;148.36;62.54;160.68;72.94;170.31;85.31;177.31;100.45;177.97;116.52;175.97;131.21;168.68;144.1;159.09;154.01;146.08;160.04;130.28;162.3;114.42;162.82;98.48;162.71;81.35;44.23;74.71;50.17;67.54;59.85;64.09;70.78;63.59;81.03;66.66;99.98;65.01;111.2;60.25;122.34;57.87;134.42;59.47;144.84;65.24;90.64;79.72;90.66;87.96;90.42;96.29;90.25;104.96;81.95;116.25;87.0;117.84;92.75;119.08;99.06;116.63;105.54;114.22;55.18;86.73;61.62;82.14;69.37;80.79;77.01;84.11;69.84;86.67;62.37;87.81;110.0;80.85;117.41;76.47;124.92;76.34;131.88;78.76;125.62;80.84;117.87;81.24;77.94;142.38;84.06;135.3;91.44;130.91;96.38;131.31;101.97;129.64;111.88;132.03;121.56;138.1;113.75;145.58;104.69;149.57;98.54;150.71;93.05;151.01;85.29;148.79;81.69;141.74;91.73;137.26;96.79;136.62;102.55;135.96;118.23;137.78;103.36;142.31;97.67;142.86;92.4;142.81,2,-0.786925,-0.269034
721/6d3b0fa55d2b3c0b54600c8e647b97a77036a9de2c622330fea323ca.jpg,25,25,167,167,39.94;89.09;41.6;110.35;46.26;131.65;52.05;150.76;61.78;168.2;74.79;182.0;90.56;194.34;106.51;202.78;123.85;203.7;140.61;198.35;153.85;185.57;163.59;170.78;171.57;153.0;177.49;133.52;179.65;114.49;178.73;95.82;176.24;78.02;49.83;88.98;58.52;78.51;72.98;75.89;88.0;76.83;102.38;80.72;116.21;79.06;127.99;72.02;141.57;69.36;154.62;70.04;163.56;78.42;110.05;90.35;111.52;102.91;112.89;115.27;114.42;128.42;99.11;137.89;107.13;140.26;115.42;141.49;123.52;138.17;130.1;135.05;65.95;95.12;73.37;91.05;82.52;90.69;91.01;94.88;83.07;97.6;74.07;98.48;126.35;90.86;134.21;85.34;143.13;84.35;150.56;86.84;144.55;91.12;135.51;92.01;91.52;163.17;100.83;159.39;109.76;157.02;115.88;158.5;122.57;155.94;130.64;156.5;139.15;157.95;131.52;164.68;125.25;168.85;118.1;170.98;111.47;171.17;101.98;168.89;94.73;162.82;110.23;164.18;116.89;164.73;123.94;162.86;135.35;158.69;123.34;158.5;116.59;160.59;110.28;160.51,2,-0.821877,-0.229129
753/72af89ba6022a8650e4764bcbe2512014af8cbf5ec7263437757d512.jpg,231,231,1544,1544,395.7;877.12;394.5;1052.02;410.21;1232.05;437.88;1410.73;504.95;1561.37;603.15;1702.29;725.47;1819.84;860.09;1914.5;1022.66;1940.04;1184.18;1913.58;1323.43;1814.53;1452.63;1683.84;1551.56;1522.81;1617.86;1361.14;1650.55;1211.7;1659.32;1058.3;1646.48;907.13;526.66;728.64;610.38;652.83;720.95;621.31;844.48;627.75;965.92;674.92;1124.95;666.23;1245.5;626.42;1372.2;623.23;1485.6;658.82;1556.74;743.55;1036.92;826.62;1040.05;926.84;1043.51;1023.89;1047.54;1129.43;906.47;1228.89;973.6;1255.25;1046.93;1272.41;1113.54;1253.78;1176.05;1233.51;655.88;840.51;725.78;798.74;810.41;797.65;881.15;854.59;806.32;865.92;723.38;870.41;1193.79;849.02;1266.94;804.85;1343.16;805.63;1408.91;847.78;1345.88;864.53;1272.1;864.56;784.25;1451.98;883.98;1401.33;985.69;1381.82;1044.29;1396.43;1117.27;1382.02;1213.16;1400.68;1291.97;1453.51;1209.54;1553.13;1115.44;1597.42;1040.78;1599.94;974.48;1589.51;876.11;1546.97;817.27;1448.59;983.03;1431.24;1042.64;1439.11;1115.1;1435.05;1261.02;1452.41;1112.69;1530.68;1039.86;1533.03;977.43;1523.01,2,-0.55788,-0.244073
192/075216752444ae2331e24968258f10d0864a44d498bba7c666197e1b.jpg,81,81,546,546,44.43;312.67;50.66;384.77;65.01;454.84;85.53;521.67;126.56;582.08;187.97;630.91;261.2;665.5;333.68;688.3;396.96;689.19;441.16;666.29;468.35;615.44;497.04;564.3;523.0;510.06;540.62;455.41;550.31;398.91;544.39;350.44;531.11;296.32;142.56;267.09;184.9;232.19;239.54;215.6;297.41;220.83;350.06;241.94;422.86;237.95;453.81;217.24;484.84;207.67;512.35;208.48;529.54;230.25;392.32;298.88;403.11;339.73;416.22;379.37;428.71;421.38;353.99;460.93;384.55;468.16;411.39;475.62;435.73;464.02;454.75;448.91;208.55;308.71;240.19;295.06;274.28;294.33;306.65;312.41;276.19;319.27;241.19;321.15;432.53;307.55;455.45;283.23;485.64;280.89;505.69;292.6;489.4;305.28;461.26;308.63;269.37;520.68;326.62;506.61;377.03;500.93;404.24;504.98;426.04;496.54;452.43;496.66;475.15;502.96;452.39;557.46;427.97;575.42;403.73;580.55;374.8;581.57;324.48;568.05;285.88;524.83;377.29;524.46;404.28;524.04;427.7;518.43;462.31;511.77;426.62;547.56;402.98;553.68;375.17;555.6,1,0.510957,0.0842815
1057/1d5fce258b1e193a9add72c974626627e9a167948fad06c699230819.jpg,27,27,185,185,49.53;125.36;52.42;143.45;55.78;161.54;60.44;179.32;67.65;196.15;80.49;209.8;97.68;219.68;116.21;225.26;136.39;225.49;155.91;222.05;172.65;212.62;187.15;200.06;195.79;183.31;199.41;163.58;198.4;144.58;199.22;126.79;199.27;107.92;60.27;107.47;65.31;91.42;78.72;83.51;94.55;81.98;110.78;84.16;124.95;81.56;140.35;76.93;155.69;76.04;170.38;80.69;179.7;91.63;119.75;97.61;119.94;108.4;119.98;119.01;120.31;131.11;109.06;145.94;116.1;147.91;123.6;148.71;131.08;146.66;137.61;144.05;77.61;111.03;84.21;104.35;93.57;102.71;102.15;107.17;94.23;110.28;85.58;111.78;139.1;103.34;147.91;96.89;156.43;96.95;164.36;101.84;157.23;104.77;148.46;105.05;104.58;184.13;112.0;172.04;118.63;165.8;124.96;166.82;131.22;164.74;140.35;169.64;149.96;179.23;141.61;180.73;133.91;180.54;127.17;180.63;120.97;181.23;113.59;182.29;109.05;181.49;119.21;173.13;125.53;173.35;132.0;172.08;145.09;176.79;132.45;171.77;126.05;173.12;119.79;173.09,2,-0.94367,-0.227449
1018/6821297fc66ecc79fabf964705fc83b3471db4a21944f3d9cd2ffe78.png,86,86,579,579,178.3;260.2;175.24;323.77;181.71;388.71;193.76;452.04;217.27;511.2;253.08;565.02;282.82;608.38;317.75;649.87;365.44;665.54;417.53;659.55;463.97;630.25;516.28;592.76;565.08;551.47;600.39;500.64;621.41;435.6;633.57;374.6;642.46;304.27;208.12;234.74;245.61;227.47;281.51;235.21;315.54;248.65;350.04;264.75;419.09;266.31;463.44;257.66;504.69;254.8;547.75;262.02;585.08;278.23;380.85;315.03;376.5;358.64;372.14;402.04;368.22;445.55;320.96;450.57;342.39;462.92;366.66;474.65;394.07;467.53;420.39;463.4;246.21;293.7;274.46;292.42;303.32;298.25;324.34;313.21;296.99;313.74;268.85;308.26;445.37;327.59;472.41;315.1;502.11;317.92;532.62;325.1;502.74;337.13;473.51;335.72;264.74;492.28;303.63;497.26;342.7;501.67;367.34;508.54;400.19;506.38;443.38;508.86;483.69;510.59;442.2;560.73;396.13;585.08;361.16;585.59;332.94;578.92;297.92;552.78;276.37;503.25;341.24;517.39;366.68;521.45;399.46;520.8;469.97;516.08;397.54;552.96;364.25;554.3;337.57;548.14,1,0.885598,0.164537
519/1cbbc279e9fa71edf3ad5414c597e86ff758b128693cedab02bdab68.jpg,146,146,1623,1623,321.85;923.39;315.14;1089.31;330.5;1241.3;363.97;1392.26;417.14;1546.2;506.53;1689.57;637.11;1816.45;782.41;1898.87;964.78;1933.27;1152.76;1916.77;1321.36;1842.81;1464.19;1740.02;1561.05;1599.08;1627.97;1427.94;1669.38;1267.77;1686.86;1107.03;1686.63;942.13;438.82;711.6;516.65;620.03;634.53;570.26;766.34;584.23;895.0;632.5;1082.07;638.37;1211.75;594.81;1351.21;592.48;1468.74;644.05;1537.45;739.28;989.52;766.25;986.58;871.95;984.47;975.5;982.47;1086.82;824.4;1200.46;904.39;1218.33;987.26;1237.24;1072.0;1221.12;1151.97;1205.4;562.61;809.75;644.52;766.87;730.8;767.01;816.66;820.08;729.65;827.61;643.67;830.14;1174.34;821.7;1267.11;773.0;1349.57;775.4;1421.74;816.8;1352.08;828.67;1266.79;829.96;677.81;1409.69;783.12;1358.45;895.71;1343.5;972.28;1360.1;1065.61;1347.68;1192.77;1367.48;1309.74;1422.8;1189.87;1511.94;1072.99;1544.62;976.03;1552.04;893.94;1540.15;774.15;1494.44;716.97;1409.8;894.23;1397.73;973.63;1408.54;1066.68;1405.14;1270.03;1425.42;1069.61;1477.28;975.17;1479.46;892.45;1472.2,1,0.343593,0.00967867
1021/8397ab6b85b903adf0bcb71be36519eceb825dcaaae9a30546680438.jpg,29,29,195,195,56.36;109.48;56.84;132.15;59.54;155.89;63.5;177.58;70.63;196.62;81.81;214.03;96.61;230.03;115.6;242.65;136.55;245.11;155.96;239.68;175.58;224.95;191.58;208.73;203.58;190.0;211.32;170.12;215.86;148.93;219.94;126.68;221.99;103.91;60.86;91.09;70.89;80.52;85.04;76.82;100.58;77.27;114.01;83.49;140.3;80.42;154.94;72.76;170.91;70.54;187.53;74.41;199.37;83.65;126.46;99.56;126.03;115.38;125.35;130.22;124.85;145.9;111.3;155.42;118.59;158.01;126.58;160.31;135.53;157.46;143.34;154.25;77.32;104.03;86.05;97.39;97.09;97.83;107.05;106.54;96.95;107.25;85.73;107.12;151.53;103.52;160.61;94.72;171.46;93.69;180.52;98.86;172.93;102.9;161.87;103.8;96.63;181.75;106.92;175.07;118.75;172.82;127.6;173.89;138.1;171.91;152.67;172.92;167.57;177.43;154.84;195.76;140.69;203.87;129.23;205.62;119.43;205.31;107.07;198.68;100.76;182.21;119.15;179.72;128.16;180.26;138.84;178.57;162.78;179.01;139.8;192.16;128.83;193.66;119.35;193.03,1,0.91011,0.150966
425/60920f1b30602fab4fb1052514a5c594dbcad4119248feb231863a9c.jpeg,21,21,146,146,44.08;77.24;43.63;91.3;45.73;105.07;47.78;118.66;50.71;132.07;56.4;144.07;65.4;154.41;76.55;163.08;89.21;165.86;102.61;165.22;116.22;159.21;128.33;152.51;138.51;141.66;143.97;127.6;146.48;113.35;150.45;98.16;153.35;83.27;49.1;65.34;57.41;60.93;66.69;62.21;75.71;65.46;84.38;70.05;102.2;70.44;112.82;66.85;123.4;64.84;134.12;66.17;143.24;70.68;92.92;81.1;92.26;91.27;91.57;101.83;90.77;112.15;82.23;116.64;86.31;119.07;90.92;121.13;95.55;119.24;100.17;117.71;58.88;79.64;64.59;75.5;72.85;76.37;79.66;82.58;72.0;84.01;63.72;83.65;108.42;84.17;115.42;77.96;123.95;78.25;129.94;82.96;124.32;86.13;116.17;86.37;71.79;132.33;78.98;130.08;85.62;128.64;90.22;130.07;95.85;129.06;103.85;131.18;111.71;134.52;103.89;139.99;96.06;142.58;89.99;143.11;84.31;142.34;77.82;138.95;76.2;133.13;85.29;134.44;90.4;135.08;95.94;135.07;106.72;134.84;95.94;134.51;90.09;134.66;85.01;133.99,1,0.404762,0.0952381
1212/a5650b18330ef63692e14e4dd8a62dbb8cf1b9163d3dc712591e30b7.jpg,65,65,664,664,192.3;359.63;195.59;418.62;198.54;473.98;206.12;531.47;223.1;589.85;250.79;643.89;286.87;687.8;332.65;730.62;393.7;741.47;469.86;739.39;539.01;710.57;593.33;672.47;637.15;626.62;672.46;568.01;690.08;495.3;696.11;422.08;701.01;350.18;204.07;299.37;224.19;262.0;267.56;249.11;314.85;257.29;353.66;278.7;425.42;275.4;478.44;256.31;536.58;253.5;591.6;272.25;627.85;308.73;388.64;317.5;384.3;362.65;379.21;407.32;374.41;453.26;324.67;469.4;350.04;483.3;378.53;493.63;415.18;484.75;446.77;478.17;249.54;329.15;272.83;311.84;302.46;313.43;332.3;332.77;302.82;335.06;273.37;337.26;471.33;332.52;499.87;314.74;530.67;317.27;560.14;334.25;533.0;339.79;501.8;338.77;290.78;546.28;320.93;529.36;355.85;522.05;384.27;529.82;421.42;524.87;473.58;534.28;523.23;549.45;474.86;593.3;423.69;610.88;384.74;612.47;354.59;607.68;321.54;588.82;305.18;549.46;356.06;538.62;384.73;543.79;421.76;541.41;512.23;551.12;421.35;580.33;383.51;582.54;354.22;577.19,1,0.46492,0.169062
352/205a59e98879698d45f9c15eef0a764bbb68ed57b1284e66b18ace78.jpg,102,102,682,682,167.02;322.8;166.57;404.19;169.39;487.46;172.4;566.91;191.42;637.23;225.23;702.98;273.89;761.56;334.13;814.72;405.22;839.54;478.25;835.24;550.96;800.44;611.3;754.17;663.22;697.13;700.42;632.42;722.32;556.69;743.8;473.81;762.63;390.76;215.99;292.4;258.15;267.53;308.3;271.04;357.15;287.01;401.77;313.84;499.13;323.82;554.16;308.89;612.63;313.5;659.92;328.93;691.2;366.46;450.65;365.5;442.36;418.3;434.29;471.42;426.34;529.1;356.86;540.26;388.32;558.16;421.11;573.42;456.08;565.64;485.03;560.51;269.91;341.95;303.09;331.45;341.16;341.15;369.61;367.03;335.16;362.89;299.24;356.91;521.74;389.17;559.22;371.62;597.65;377.73;626.0;395.91;594.21;404.07;556.22;398.84;294.47;613.92;345.28;611.38;388.33;617.05;414.97;630.64;451.67;626.26;494.21;637.89;541.96;649.88;488.46;692.96;441.04;708.09;403.45;705.67;371.74;697.7;333.0;673.7;309.28;619.84;384.67;632.55;412.03;641.56;449.12;640.42;523.05;648.29;445.21;678.06;407.91;677.81;379.15;668.58,2,-0.701703,-0.271003
448/4e5b89a1341e04ac434d6211a443dbee3742711f700634039647139a.jpg,116,116,774,774,214.54;417.06;218.93;496.97;234.32;577.77;248.96;653.37;270.88;732.57;311.85;803.13;368.59;870.75;430.85;934.89;512.07;955.01;592.26;943.3;664.07;892.04;736.46;834.86;801.61;765.0;841.88;680.76;859.57;588.2;871.18;498.61;880.29;407.23;242.13;367.67;287.19;336.92;339.99;337.35;392.84;349.3;446.73;363.98;558.54;365.38;620.79;346.19;680.73;335.02;747.25;337.54;804.42;361.28;504.43;426.13;502.02;484.77;498.46;543.64;496.38;604.69;439.25;629.66;466.91;642.9;498.59;655.28;535.22;640.31;568.25;628.54;308.32;416.78;344.09;392.3;392.62;393.63;429.97;432.09;386.93;442.52;340.49;439.88;601.74;434.52;637.98;400.51;684.68;397.68;724.3;425.35;689.38;443.37;645.91;444.33;360.88;697.56;412.88;694.47;464.17;694.49;500.68;703.15;546.96;694.57;607.26;694.21;668.72;701.52;615.55;783.75;552.46;820.7;502.27;827.72;461.44;822.23;405.65;784.29;379.21;708.87;463.35;719.14;501.77;722.5;547.45;716.97;651.06;709.72;549.56;777.71;502.42;781.77;462.74;775.03,1,0.707384,0.0733264
883/381189226cb8556e15d7a2dd7d750e399eafbe72a39078ea85a4581e.JPG,113,113,755,755,158.71;303.12;157.84;387.05;165.48;470.56;181.29;552.22;214.59;628.5;257.56;700.15;309.8;768.75;375.74;824.8;452.06;841.78;522.45;832.6;585.59;789.47;638.68;736.77;690.29;679.82;730.0;613.73;756.33;535.95;774.27;455.63;789.6;370.78;215.93;310.73;266.09;290.6;325.05;294.14;385.71;307.98;443.16;336.11;531.26;339.04;590.74;314.26;651.81;306.51;717.62;309.24;760.37;348.62;486.75;394.61;482.3;455.14;478.57;516.59;475.47;577.52;402.0;585.52;434.57;601.2;472.35;615.7;509.13;607.42;540.16;600.36;271.75;368.13;316.05;356.07;361.25;362.13;400.92;394.78;355.63;397.68;309.8;395.17;559.39;402.21;606.29;375.73;649.58;374.58;688.0;390.2;651.8;410.73;607.36;412.24;339.27;645.18;390.44;651.44;436.84;655.87;468.97;664.95;505.46;657.44;551.37;659.74;594.04;658.3;549.35;709.72;506.29;734.88;467.42;738.62;431.34;731.07;384.47;696.45;357.46;652.89;435.89;675.1;469.04;681.27;506.27;677.34;573.92;664.1;506.26;693.52;468.79;697.05;435.94;690.97,1,0.547619,0.00793651
897/987ea55de65c74d1c19429246e22f0c08766965da73726e61559eb33.jpg,70,70,473,473,103.41;342.08;103.94;386.36;106.59;427.59;114.32;471.87;128.9;512.15;158.15;543.31;198.83;566.01;243.28;577.78;294.76;583.31;343.74;580.6;391.83;573.8;434.5;563.79;467.5;543.1;487.62;505.39;502.26;461.21;515.14;421.21;525.13;382.65;153.98;247.58;179.77;216.63;216.99;199.39;256.98;199.98;292.14;216.96;340.37;214.37;382.0;208.43;423.44;218.9;457.63;243.6;476.18;277.62;310.7;253.95;307.5;274.46;304.32;293.86;301.18;314.49;264.7;365.7;282.07;369.07;298.97;371.64;316.48;371.92;332.77;372.69;189.16;271.97;212.29;250.92;239.26;251.61;261.34;273.61;238.61;276.08;212.75;276.63;360.76;279.22;387.37;259.05;414.1;266.66;434.03;290.55;411.89;291.69;385.47;287.53;222.34;448.68;244.97;415.05;276.79;399.11;294.6;403.77;313.35;402.44;339.73;422.91;369.32;458.0;338.39;457.18;314.67;459.03;293.74;459.14;274.38;458.3;245.95;453.54;233.74;444.44;276.78;422.67;294.52;421.7;313.13;424.25;354.15;452.08;313.64;439.77;294.21;437.93;275.99;437.62,2,-0.206349,-0.333333
620/7d736543212b767ce124c87aad98ebfb11b1fc4e751b0170dd6a72cb.jpg,39,39,263,263,72.26;133.11;74.48;162.24;79.29;190.71;86.22;218.25;95.3;245.19;111.04;272.24;128.64;299.37;149.67;322.53;175.21;331.33;204.43;328.31;233.53;311.63;260.01;290.68;283.06;265.69;298.83;235.19;306.99;200.31;313.02;163.6;318.14;123.98;77.5;125.21;92.84;114.27;113.42;114.14;135.18;118.32;155.51;127.65;187.54;125.6;211.9;116.36;236.37;112.55;261.36;112.39;282.65;122.32;170.57;146.52;168.38;172.19;165.74;197.53;163.05;222.66;145.45;222.86;154.34;230.49;166.04;236.22;181.14;229.39;194.51;223.16;101.09;141.89;114.31;133.95;132.02;134.95;146.28;147.59;130.43;150.65;112.32;150.19;206.14;147.16;220.96;134.25;239.61;133.49;254.92;141.49;241.61;150.15;223.17;150.35;131.88;248.15;146.18;248.18;159.74;249.86;170.0;253.62;184.45;249.79;204.82;250.39;225.35;249.92;206.59;274.8;184.5;286.11;170.7;286.24;158.67;283.76;144.6;273.27;138.92;252.02;159.6;256.7;170.12;259.18;184.58;257.71;218.79;252.49;184.99;269.61;170.49;270.23;159.31;267.11,1,0.654762,0.15873
852/f2b4f82f4094021a208f18221bca0e6e9fe0d4f965b96ca2db1d9349.jpg,136,136,912,912,184.17;481.34;187.02;596.53;198.33;705.82;221.55;819.3;271.9;914.74;343.6;998.27;424.91;1073.74;515.85;1133.84;621.92;1137.82;719.48;1113.45;786.24;1037.12;838.26;950.81;884.78;860.94;912.3;771.6;930.71;680.08;934.34;592.51;934.84;501.94;262.22;449.19;312.06;387.34;385.64;370.07;463.23;383.96;536.62;411.57;678.23;405.33;747.04;375.85;810.95;366.04;874.24;378.28;903.07;431.05;615.68;482.23;620.05;561.45;624.13;640.67;626.88;720.25;520.97;737.13;569.62;752.93;620.33;769.84;664.84;749.4;701.44;730.34;357.34;495.59;400.38;470.84;450.16;470.23;498.58;497.85;450.16;506.74;399.94;510.06;701.11;497.23;746.81;468.15;796.42;466.59;835.89;489.05;803.26;503.72;755.27;504.66;426.46;833.78;498.33;827.39;565.67;824.11;611.0;833.59;655.72;822.95;708.74;821.58;768.91;821.63;711.12;900.62;656.97;932.12;608.07;940.96;557.53;933.8;493.03;902.41;447.83;839.88;562.82;846.26;610.05;849.48;656.36;842.24;747.89;830.17;655.92;889.85;608.88;900.77;560.31;893.21,1,0.754831,0.0905797
973/d4ffc7a1f71eeba9249a4f140f43b51655ac23c05333fa4f9587179d.jpg,96,96,643,643,147.98;316.95;151.99;389.84;156.36;462.7;169.04;526.59;197.19;584.4;247.38;633.1;301.18;676.35;356.57;716.3;417.7;730.25;474.83;716.75;533.86;684.11;599.69;648.47;650.24;600.33;690.32;541.54;711.66;477.23;731.69;402.8;750.23;323.34;192.52;277.27;233.43;256.17;282.25;254.25;334.01;265.38;377.36;286.28;473.73;283.47;529.37;275.56;584.57;275.68;634.11;289.06;670.09;319.09;418.02;348.78;415.45;390.2;411.83;431.57;408.68;473.69;349.98;495.11;377.63;509.26;405.85;518.26;438.48;512.82;467.53;505.56;247.53;331.82;282.26;318.93;317.32;324.7;344.59;355.15;313.58;352.15;277.24;346.85;499.69;364.78;533.36;338.64;569.84;341.31;603.7;356.27;570.62;366.95;533.88;368.19;307.63;553.97;342.19;549.39;383.16;546.95;404.88;556.48;432.87;552.48;476.43;561.93;517.11;571.06;472.8;619.0;427.33;637.55;398.16;638.73;372.2;633.12;335.94;608.61;321.23;557.73;379.76;561.32;403.05;568.04;430.34;569.14;502.97;572.32;428.52;609.16;401.01;608.95;376.72;602.85,1,0.822998,0.256469
495/b8d242f16f01b5965fd718f21527f28c9c8e06e83569553a6561a69d.jpg,59,59,885,885,104.02;319.93;109.23;432.49;117.47;541.89;139.61;647.29;190.81;738.31;265.2;817.5;342.26;882.08;430.57;939.22;533.63;955.48;624.64;935.39;707.9;883.36;786.1;810.66;853.26;733.69;902.33;637.76;924.95;539.36;933.67;434.99;941.74;333.16;180.38;294.26;239.4;241.21;318.43;236.04;398.56;251.66;469.54;284.47;580.11;273.84;666.61;249.43;751.13;233.77;837.61;252.76;887.28;314.9;526.32;376.73;525.79;445.22;526.88;510.5;527.6;578.61;423.84;612.2;476.3;624.8;526.54;638.69;575.54;627.64;619.51;617.04;267.92;366.58;318.68;344.14;372.95;347.91;417.0;389.61;367.26;392.33;313.04;391.19;628.79;388.97;676.18;342.17;731.69;343.96;780.35;367.91;737.54;387.26;683.26;393.17;339.84;711.21;405.4;694.14;470.13;689.99;515.8;701.44;569.82;689.64;637.1;696.09;695.86;702.88;637.06;777.91;575.94;813.68;518.88;819.88;468.83;814.68;402.65;780.01;362.48;713.37;470.01;721.98;516.21;728.39;571.86;718.21;671.33;711.94;572.69;760.67;516.3;767.49;468.87;761.23,1,0.904762,0.119048
775/aadfaa339e2dfd699d2ac8699a7c2a4b98efd04a3cf1f74bcd8f1087.jpg,20,20,137,137,34.5;82.85;33.89;96.58;34.97;111.49;38.55;125.58;44.82;138.89;53.06;150.46;62.55;159.39;75.2;167.66;89.29;169.58;103.78;166.64;114.57;157.87;125.52;146.58;134.89;134.64;141.6;122.57;145.22;108.35;146.0;94.44;145.33;80.79;49.09;65.75;57.48;59.54;67.22;57.87;77.76;58.81;86.74;62.78;100.25;62.88;109.69;59.75;119.01;58.7;128.89;59.75;135.49;65.99;94.02;74.97;94.21;83.95;94.61;92.9;95.02;101.74;82.06;109.58;87.7;112.05;93.69;113.86;99.76;112.13;105.19;109.37;60.25;76.68;66.82;73.29;74.07;73.51;80.17;77.92;73.87;79.2;66.55;79.27;106.6;77.58;113.6;72.9;120.73;73.08;126.64;76.96;121.32;79.13;114.08;79.2;68.53;128.23;79.06;124.21;88.76;121.81;93.54;123.03;98.74;121.88;107.3;124.02;113.79;128.76;106.85;137.26;98.36;141.39;92.68;142.01;87.04;141.56;77.9;138.69;71.59;128.7;88.3;127.46;93.21;127.87;98.53;127.49;111.29;128.81;98.46;133.92;93.0;134.3;87.84;133.95,2,-0.293651,-0.142857
485/50cb6da04f08f35b4042d772ef34d725bfe06ccdbabbe7d772a5d542.jpg,40,40,267,267,48.46;112.12;43.52;148.44;40.24;183.92;43.42;219.84;54.79;252.53;72.75;282.49;96.03;308.73;121.92;327.51;149.57;333.12;174.56;328.4;197.33;310.06;219.87;289.29;241.4;268.52;256.69;242.02;266.83;212.09;272.02;184.64;275.83;152.44;83.11;113.78;104.16;109.25;124.29;109.39;144.51;115.41;162.64;124.12;203.81;130.67;221.94;125.77;240.16;123.07;257.38;122.89;271.55;130.67;183.52;148.83;181.76;171.17;180.28;193.86;178.65;216.14;145.19;218.0;158.85;225.78;172.38;232.88;186.7;229.72;198.32;224.51;102.86;138.45;118.54;133.76;134.82;136.13;147.84;148.27;132.49;148.11;116.3;145.81;205.54;154.8;220.12;145.45;235.46;146.29;247.81;155.1;236.11;158.2;220.89;157.61;102.97;236.73;128.12;238.07;152.65;241.24;164.19;246.2;179.33;244.87;196.02;247.12;211.57;249.23;192.34;271.13;174.19;280.15;158.21;280.88;144.08;277.3;123.03;263.62;110.47;240.02;151.07;251.39;163.37;254.07;178.0;254.13;203.36;251.98;175.88;264.15;160.7;265.64;147.76;263.57,1,0.880759,-0.07259
833/9991b81ac3ffe60328cf449b1da470d7e3a5372d0d54530e1edee30c.jpg,31,31,208,208,43.63;134.31;49.68;156.93;57.25;180.11;65.31;202.66;77.9;222.67;96.37;237.13;117.39;249.55;140.88;258.63;164.98;257.76;184.98;248.18;200.26;230.08;212.89;211.52;222.23;189.37;225.91;164.78;224.52;141.79;222.5;119.47;219.02;96.27;58.07;116.37;67.81;104.26;82.54;97.36;98.63;96.98;113.42;99.08;147.0;92.54;160.07;83.02;173.38;77.29;187.68;76.77;200.77;80.33;134.88;113.25;139.05;128.31;143.46;143.38;147.63;158.34;131.5;169.72;140.1;171.0;149.03;173.57;155.85;167.28;161.78;162.34;80.67;125.55;89.56;118.51;101.27;115.98;110.79;122.18;102.41;126.26;91.32;128.0;158.28;111.6;165.0;101.91;175.84;98.47;185.14;101.85;179.02;107.98;168.9;111.14;105.07;196.63;121.61;188.56;138.33;183.87;149.78;183.59;161.2;179.64;174.7;177.54;190.38;178.76;180.89;201.64;167.97;213.71;155.46;218.12;143.45;219.21;125.25;215.01;110.92;196.92;139.23;191.85;150.89;190.69;162.4;186.95;184.24;180.95;165.24;202.2;153.41;206.86;141.42;208.31,1,0.555556,0.0238095
1027/90993b2bd40468408fe394727a609cd892c6c36bec3926f1665f3de8.jpg,80,80,536,536,114.52;323.36;121.77;379.01;129.61;429.73;141.52;480.65;166.16;526.55;206.5;560.68;254.23;588.94;308.03;615.33;361.78;624.31;408.12;613.77;445.98;586.06;485.9;554.63;514.71;513.86;530.55;464.03;539.88;413.06;545.95;361.63;550.21;308.34;164.85;265.71;193.02;237.34;231.91;222.61;276.89;222.46;319.22;234.88;391.99;228.06;434.18;217.99;475.3;218.98;509.87;231.58;529.42;257.95;360.45;278.92;363.48;309.24;366.37;338.59;369.5;369.12;318.24;402.57;341.36;408.95;365.48;413.31;384.39;408.31;400.79;402.02;218.08;289.94;243.0;273.28;272.65;271.32;298.4;292.99;272.4;298.01;243.3;298.93;407.4;292.43;434.67;271.18;462.56;271.49;485.34;288.04;464.81;296.96;436.66;296.9;272.59;476.11;309.43;462.28;341.77;457.16;363.08;461.52;385.19;457.58;413.62;463.38;441.0;477.55;413.42;502.39;386.96;509.44;362.86;508.88;340.01;507.18;307.96;498.82;283.9;475.46;341.25;470.87;363.04;473.46;385.2;471.37;427.06;476.63;385.08;488.32;362.49;487.93;339.53;485.41,1,0.764615,0.106465